Time stamp,X-coordinate,Y-coordinate,Button status,Azimuth,Altitude,Pressure,x_dot,y_dot,pressure_dot,altitude_dot,azimuth_dot,path_tan_angle,path_velocity,log_curve,total_accelaration,path_tan_angle_dot,path_velocity_dot,log_curve_dot,total_accelaration_dot,x_dot_dot,y_dot_dot,min_max_v,angle_of_two,angle_of_two_dot,angle_of_two_sin,angle_of_two_cos,five_window,seven_window
0.0,0.0665218571816455,0.5845382118619061,0.0,0.645161290322581,0.22222222222222232,0.5247225025227044,0.14502849905003165,0.536541889483066,0.5110732538330494,0.09090909090909091,0.8695652173913043,0.5007083527527557,0.0,0.0,0.0,0.4314607770843634,0.08524867631741288,0.2217960708484476,0.08361553247582919,0.08545401966454598,0.08155389760740932,0.0,0.4946219355050005,0.6234725023344714,0.4997699735629032,0.0,0.0,0.0
10.0,0.0176486559869673,0.5688993803481853,1.0,0.580645161290323,0.3333333333333339,0.5509586276488395,0.031032298923369214,0.4420677361853833,0.5332197614991482,0.18181818181818182,0.7826086956521738,0.5919862178157047,0.13648485232638377,0.0,0.0,0.4314607770843634,0.08524867631741288,0.2217960708484476,0.08361553247582919,0.08545401966454598,0.08155389760740932,0.05698286937162326,0.4946219355050005,0.6234725023344714,0.4997699735629032,0.0,0.04178241038316823,0.09725363683723504
20.0,0.002443660059733954,0.5668338742992033,1.0,0.548387096774194,0.22222222222222232,0.544904137235116,0.10956301456618112,0.5240641711229947,0.5059625212947189,0.0,0.8260869565217391,0.5403478549682565,0.04104992115297246,0.524671308721639,0.010099488022056232,0.39828010895256893,0.07594238057651116,0.2217960708484476,0.08361553247582919,0.09441873915558126,0.09812194494468743,0.06783056591033389,0.6097258238266473,0.6234725023344714,0.6737641291920474,0.9375662184099312,0.044114449278799664,0.0998771530832238
30.0,0.0,0.5668338742992033,1.0,0.548387096774194,0.22222222222222232,0.5549949545913219,0.13932868904369852,0.536541889483066,0.5195911413969335,0.09090909090909091,0.8695652173913043,0.5007083527527557,0.006546363525150266,0.3838118693681377,0.0036435516617574406,0.40599007864631137,0.08188407692545335,0.16474108487792133,0.08302082888467446,0.08885193753614806,0.08407512220221251,0.051789779028081115,0.5425289127566949,0.5975148457883597,0.5734640591979573,0.9890901778818174,0.046137455200020085,0.1036378986219683
40.0,0.00570187347271256,0.5688993803481853,1.0,0.548387096774194,0.22222222222222232,0.5731584258324924,0.1583280557314756,0.5490196078431373,0.5264054514480409,0.09090909090909091,0.8695652173913043,0.6032698289550517,0.016101103768496293,0.3792710204289261,0.0011474195192783536,0.49736252371852274,0.08618040265009605,0.21995680417444916,0.08338559545875172,0.08762290341237709,0.08407512220221251,0.10641829240032104,0.5688989470677039,0.6336590463713212,0.6134440664546597,0.9738412097417932,0.04649941786459406,0.12653641565635554
50.0,0.02362204724409467,0.5836529949837711,1.0,0.548387096774194,0.22222222222222232,0.579212916246216,0.1868271057631412,0.625668449197861,0.5161839863713799,0.09090909090909091,0.8695652173913043,0.7073712006059689,0.0602272472038281,0.49618782024924835,0.005100229392889263,0.49835199660303914,0.08955161797269073,0.2691531127625968,0.08397965474962425,0.08870734528629265,0.0970414201183432,0.3980646852263575,0.7417480855059579,0.6902428121363723,0.8453791068097452,0.7229906911531179,0.045215098832373686,0.1473897962444497
60.0,0.0583763236491992,0.6107996459132486,1.0,0.548387096774194,0.22222222222222232,0.5802219979818365,0.22609246358454715,0.7005347593582888,0.5119250425894377,0.09090909090909091,0.8695652173913043,0.6993598931243874,0.1146577270430049,0.7837740527337396,0.005754268868399024,0.4263130434965769,0.0905564408484329,0.3382826090245723,0.08367578084308921,0.08993637941006362,0.09668124517622846,0.7578163396656519,0.6875499694540987,0.6025361816090155,0.7803403736052817,0.8279186904883321,0.06624237571057005,0.17757322800759423
70.0,0.10399131143089879,0.6462083210386546,1.0,0.548387096774194,0.22222222222222232,0.5802219979818365,0.25142495250158325,0.750445632798574,0.5110732538330494,0.09090909090909091,0.8695652173913043,0.698419598395841,0.150170528959057,1.0,0.003749375456453177,0.4308565827293614,0.08871169172650158,0.3093781913251581,0.08343084705679395,0.08834586466165413,0.09163879598662208,0.8416537937048639,0.6925127741420659,0.6253895961047725,0.7866507642957115,0.8192319205190405,0.06445717590922233,0.126355843212465
80.0,0.159652457235949,0.6869282974328711,1.0,0.548387096774194,0.22222222222222232,0.5802219979818365,0.2748575047498416,0.7825311942959002,0.5110732538330494,0.09090909090909091,0.8695652173913043,0.6895715706131633,0.17974963335567004,0.8151715196314624,0.0031667768887169052,0.4257754017686269,0.08813306979767538,0.146931465375215,0.08356186505392506,0.08812897628687102,0.08803704656547466,0.6058198441773027,0.641333745269923,0.6037024320637762,0.7186169694913265,0.8992350887457959,0.04579018979276273,0.10609418283220107
90.0,0.21558512082541426,0.7267630569489524,1.0,0.548387096774194,0.22222222222222232,0.5761856710393541,0.27549081697276756,0.7771836007130126,0.5076660988074957,0.09090909090909091,0.8695652173913043,0.6856278528377124,0.1791481763704928,0.8873042346249952,0.0002424501338007841,0.42892670777044517,0.0851900255015044,0.25101336051579914,0.08334615131625747,0.08552631578947369,0.08047337278106509,0.2663499254921692,0.08989914687561545,0.41045750380482837,0.02518080938352374,0.3162277660168413,0.045406789532737954,0.1008861933591852
100.0,0.2603855552538692,0.7618766597816465,1.0,0.548387096774194,0.22222222222222232,0.5802219979818365,0.24952501583280556,0.7486631016042782,0.514480408858603,0.09090909090909091,0.8695652173913043,0.6998767806454236,0.14797363267983685,0.755023387886517,0.0033643607648409265,0.44061654653077853,0.08220870426938216,0.16821583590308106,0.08390311453363276,0.08248987854251012,0.07579109853357345,0.04671882488173924,0.615181409186267,0.8263850519995923,0.6816360660346032,0.9315776194850603,0.04774114351315653,0.10022031447951445
110.0,0.2975834917187077,0.7940395396872234,1.0,0.580645161290323,0.3333333333333339,0.5882946518668012,0.23179227359088028,0.7308377896613192,0.5178875638841567,0.18181818181818182,0.9130434782608695,0.7149362806535796,0.12734234654520452,0.7366045359997846,0.0022687563514291816,0.4411373865748224,0.08323682543720241,0.214335531882696,0.08351460832745193,0.08342972816657027,0.07795214818626191,0.054287944425698516,0.6057704688907266,0.6198371275519416,0.6680259235332164,0.9417419115948374,0.04618689146995639,0.1008703965708937
120.0,0.3252783057290254,0.8158748893478903,1.0,0.645161290322581,0.22222222222222232,0.5903128153380424,0.2096263457884737,0.6684491978609627,0.5127768313458262,0.0,0.9565217391304348,0.7007720341935246,0.09166063423964112,0.7126267775956973,0.0037913769501393617,0.42235942035629565,0.08176918968527017,0.21208390192580545,0.08375579221314437,0.08292365529207635,0.06894777463339337,0.07542119132854881,0.7491110358237854,0.6788438750111099,0.8535078510595372,0.7071067811865476,0.043180190485950905,0.10368820469577208
130.0,0.33749660602769493,0.825317202714665,1.0,0.645161290322581,0.22222222222222232,0.6125126135216952,0.17352754908169726,0.5935828877005348,0.5298126064735945,0.09090909090909091,0.8695652173913043,0.6977485239397925,0.04016394106397406,0.7770919341363751,0.005436650743129045,0.42951799492028625,0.08022699871489627,0.24790762303761749,0.0837670906973663,0.08133314054366686,0.06642655003859017,0.08029991202968993,0.7003868457115389,0.6046507176380809,0.7965242605189495,0.8050558373533679,0.04180111323423204,0.16278340052164136
140.0,0.33966874830301386,0.825317202714665,1.0,0.645161290322581,0.22222222222222232,0.6104944500504541,0.15009499683343888,0.536541889483066,0.5093696763202725,0.09090909090909091,0.8695652173913043,0.5007083527527557,0.00581898980013357,0.2295136697816883,0.0036456245041759285,0.3048509434592426,0.08189954335594642,0.0,0.0834505479287838,0.08277906304222094,0.0700282994597376,0.08029991202968993,0.7256718898897074,0.6332399229209164,0.827016610806638,0.7563631724521442,0.044077354252519796,0.28436365934050833
150.0,0.328536519142004,0.825317202714665,1.0,0.67741935483871,0.22222222222222232,0.5933400605449041,0.11906269791006965,0.536541889483066,0.4965928449744463,0.09090909090909091,0.9130434782608695,0.5007083527527557,0.02982232272568454,0.0,0.002534030031216769,0.4314607770843634,0.08758935087154025,0.2217960708484476,0.08351313536593172,0.08191150954308848,0.08155389760740932,0.41153704915216077,0.4946219355050005,0.5342196592287884,0.4997699735629032,1.0,0.10550978985730101,0.3851009811134841
160.0,0.30545750746673916,0.8217763352021245,1.0,0.741935483870968,0.3333333333333339,0.47931382441977805,0.09119696010132994,0.5151515151515152,0.41482112436115837,0.18181818181818182,0.9565217391304348,0.5454144357868619,0.06243985519393308,0.5751881274824796,0.003565375280022973,0.4601870500107412,0.08842936078750925,0.2217960708484476,0.08371053724182366,0.082272990167727,0.07723179830203242,0.45325867095854866,0.5808944118160547,0.6567989048998161,0.631397324811238,0.9647638212377322,0.10236985598130925,0.36161080659629136
170.0,0.27423296225902805,0.8135143110061965,1.0,0.774193548387097,0.22222222222222232,0.3047426841574168,0.07219759341355288,0.4866310160427808,0.36371379897785344,0.0,0.9130434782608695,0.5768383859659114,0.08609167877703339,0.6355809938694668,0.0026528082501065015,0.45165250286314873,0.0875550735911324,0.24625814566745952,0.08353146924168733,0.08328513591671487,0.07579109853357345,0.1275992924858646,0.6533806453720241,0.6514733839971472,0.7351868695068149,0.8823529411764706,0.14599525606574304,0.36949638736831586
180.0,0.24382297040456158,0.8096783712009442,1.0,0.774193548387097,0.22222222222222232,0.02421796165489405,0.07409753008233058,0.5133689839572193,0.27427597955706984,0.09090909090909091,0.8695652173913043,0.537542551487431,0.0820127986852858,0.6111920159443139,0.0011509302011639174,0.4062109052663063,0.08485092610206978,0.2119173378381385,0.08347718348672278,0.08567090803932909,0.08695652173913043,0.09518828960348796,0.9396389241430232,0.7340519019750797,0.9903161487121005,0.19611613513818443,0.1487662196195619,0.428432184684909
230.0,0.17811566657616074,0.9271171437002065,0.0,0.903225806451613,0.1111111111111116,0.04339051463168517,0.11437618746041797,0.6784313725490196,0.5143100511073253,0.07272727272727272,0.9043478260869565,0.174142376071451,0.06776188012655644,0.5389602779314255,0.0016586035886851727,0.3847596039463409,0.0849707418943324,0.2159445910784486,0.0836248855787671,0.08637362637362637,0.08822433753537433,0.09518828960348796,0.8085921795391695,0.6133480298438484,0.9121358221438988,0.566150970464594,0.25858810666277005,0.6486479907037052
240.0,0.17838718436057577,0.9935084095603423,1.0,0.903225806451613,0.1111111111111116,0.07063572149344097,0.14566181127295755,0.9376114081996436,0.5340715502555365,0.09090909090909091,0.8695652173913043,0.9999999999999999,0.16366070450683015,0.4001517763228402,0.045894165647796734,0.9621225996645824,0.09460020840230496,0.1655718153195564,0.0876903941450176,0.08902544823597455,0.13392333419089272,0.09518828960348796,0.8974763930248044,0.6578077991404443,0.9734390933788091,0.3216925856146617,1.0,1.0
250.0,0.18110236220472453,0.9999999999999999,1.0,0.967741935483871,0.0,0.27951564076690216,0.15136162127929068,0.5757575757575758,0.6873935264054514,0.0,0.9565217391304348,0.8654245684736757,0.017577780318722952,0.3627854328538709,0.015441849795624678,0.3449881918600885,0.07100346360048883,0.20666086789593832,0.08081034658402983,0.08610468478889531,0.008438384358116793,0.1024658880362256,0.0,0.2767841859008584,0.0,0.04429146730519862,0.4589709321024469,0.5975242489953645
260.0,0.18517512897094757,0.9970492770728828,1.0,0.967741935483871,0.0,0.47225025227043393,0.1545281823939202,0.518716577540107,0.6737649063032367,0.09090909090909091,0.8695652173913043,0.313276150363173,0.013112916309864709,0.2099783107578387,0.002443784326342324,0.0766731267681946,0.08481328704853143,0.15990168700452312,0.0824181854480328,0.0858155002891845,0.0700282994597376,0.07102980413657743,0.03586664503306802,0.6373275149891526,0.005506180513457637,0.15437688027360955,0.3329674639206651,0.581927348397231
270.0,0.18897637795275601,0.9805252286810268,1.0,0.967741935483871,0.0,0.6044399596367306,0.1538948701709943,0.4367201426024956,0.6226575809199318,0.09090909090909091,0.8695652173913043,0.07808960384068991,0.04198654176559938,0.39079339839170735,0.004470660667078648,0.28033966636520385,0.08806427532606977,0.29503505529676544,0.08380224290347142,0.08538172353961827,0.0649858502701312,0.22588691007518963,0.9965572109910361,0.9945799738113481,0.999912710227261,0.021733995409215678,0.21570186086935356,0.5174202008370709
280.0,0.19250610915014943,0.9374446739451164,1.0,1.0,0.0,0.6760847628657921,0.1532615579480684,0.2762923351158646,0.5715502555366269,0.09090909090909091,0.9130434782608695,0.02830815979873852,0.10661671272658248,0.6135083453574778,0.007045793065437923,0.39947328788457537,0.09155105928508163,0.3120065546674909,0.08385274678519271,0.08538172353961827,0.04913815281708259,0.568432879607825,1.0,0.624802425588866,0.9999999999999999,0.011110425303554852,0.14299569741053608,0.5330565287137102
290.0,0.2003801248981809,0.8763647093537917,1.0,1.0,0.0,0.7578203834510595,0.16339455351488283,0.1675579322638147,0.580068143100511,0.09090909090909091,0.8695652173913043,0.0443685445149169,0.1520367688786281,0.7467242692741394,0.004862707045559593,0.4417805135351637,0.08967779330761891,0.2757550579422501,0.08341443243032608,0.08661075766338924,0.05958322613841009,0.8105924121068907,0.06876168065722882,0.26374221010550386,0.015877794359403175,0.2537126883649393,0.15555227192827642,0.8050868582458904
300.0,0.21286994298126527,0.7884331661257008,1.0,0.967741935483871,0.0,0.8092835519677094,0.17416086130462316,0.005347593582887722,0.5545144804088585,0.09090909090909091,0.8260869565217391,0.048819374523689174,0.2193245881313741,0.8945982586847877,0.007110923150378074,0.4343206956659883,0.09181021870055296,0.28169229384885935,0.08382263213056704,0.08668305378831695,0.048777977874967834,0.8009147705134166,0.045486199392459126,0.6144813606436369,0.008016377115839024,0.1836362901167448,0.23624166445540792,0.5059614840067037
310.0,0.22861797447732823,0.7005016228976099,1.0,0.967741935483871,0.0,0.8405650857719476,0.18176060797973398,0.005347593582887722,0.5374787052810902,0.09090909090909091,0.8695652173913043,0.061274645822466445,0.2208247211788821,0.8029678676002693,0.0009245757277864685,0.43946401732412665,0.08539496113806667,0.18468126546660235,0.08304566269660235,0.08632157316367843,0.08155389760740932,0.47616182718711875,0.4946219355050005,0.7969702270804468,0.4997699735629032,1.0,0.23225735936923583,0.47911718094868966
320.0,0.2440944881889764,0.6116848627913839,1.0,0.967741935483871,0.0,0.8627648839556004,0.18112729575680808,0.0,0.5298126064735945,0.09090909090909091,0.8695652173913043,0.05965693235175257,0.22283055779901856,0.9867394857560785,0.0002430915679829445,0.4304213015695671,0.08544427460166168,0.2962325952573458,0.08355275597765263,0.08538172353961827,0.08047337278106509,0.25326258156394993,0.8993447241343873,0.7798138426780732,0.9743591377422836,0.3162277660168362,0.21543119674485087,0.47454193960569985
330.0,0.25631278848764594,0.5228681026851579,1.0,0.903225806451613,0.1111111111111116,0.8869828456104945,0.17352754908169726,0.0,0.5315161839863713,0.18181818181818182,0.7826086956521738,0.0473049176383451,0.22137270090313277,0.8039362344254792,0.0009185864197019389,0.423523885239527,0.08510651403726859,0.1477517825288045,0.08367775725496335,0.08458646616541353,0.08155389760740932,0.08806859876696911,0.4946219355050005,0.46713116199086957,0.4997699735629032,1.0,0.2659414100368159,0.40827395075389517
340.0,0.2666304642954114,0.4629684272646798,1.0,0.870967741935484,0.1111111111111116,0.8869828456104945,0.16909436352121593,0.17468805704099827,0.5110732538330494,0.09090909090909091,0.8260869565217391,0.058986854921307175,0.1502216058740635,0.7741802182110901,0.007533867155266624,0.438967104991534,0.07831040827982876,0.20974342393005327,0.08422491444466801,0.08494794679005205,0.11685104193465398,0.0,0.00874917794705593,0.43578354513416173,0.0007803828017999281,0.07124704998790964,0.20489799920951293,0.3026824732594263
350.0,0.2736899266901982,0.4275597521392741,1.0,0.838709677419355,0.22222222222222232,0.8970736629667003,0.1614946168461051,0.322638146167558,0.5195911413969335,0.18181818181818182,0.8260869565217391,0.06801356707964457,0.0893101200894622,0.7506826348625006,0.006435961492933923,0.43726096756158395,0.07930891931482009,0.2122783963890844,0.083514396342556,0.08458646616541353,0.11144841780293287,0.0,0.032168428166613416,0.6325191808809583,0.004656953566445687,0.14309054484447034,0.11412359412226157,0.2796464091103619
360.0,0.2772196578875916,0.4086751254057245,1.0,0.774193548387097,0.22222222222222232,0.8960645812310797,0.1532615579480684,0.4224598930481284,0.510221465076661,0.09090909090909091,0.7826086956521738,0.06387921086174775,0.0475025721974873,0.7640856850957339,0.004414098889900947,0.428804211421933,0.08117183149654054,0.2272249639814116,0.08342928390029498,0.08451417004048582,0.10172369436583484,0.0,0.0595548227164317,0.6340516586147422,0.012467227701395522,0.22612970719934955,0.09390445504465114,0.2911247320978296
370.0,0.2785772468096661,0.4021835349660666,1.0,0.741935483870968,0.3333333333333339,0.893037336024218,0.14819506016466116,0.4973262032085562,0.5085178875638842,0.18181818181818182,0.8260869565217391,0.07123558855286377,0.016410299227769556,0.617160477722483,0.0032826523777862737,0.4361876799790612,0.08221672686289645,0.1622841511370539,0.08351130664917886,0.08487565066512436,0.09668124517622846,0.0,0.0466323184648928,0.6184806370576892,0.00834439440741469,0.18711210788999516,0.09711899432100479,0.3476632613351653
380.0,0.2785772468096661,0.4021835349660666,1.0,0.67741935483871,0.3333333333333339,0.8839556004036326,0.14502849905003165,0.536541889483066,0.5034071550255537,0.09090909090909091,0.7826086956521738,0.5007083527527557,0.0,0.0,0.0,0.4314607770843634,0.08364843313671823,0.2217960708484476,0.08361553247582919,0.08509253903990746,0.08947774633393363,0.0,0.05805587156070119,0.6278853341607524,0.01194912972078982,0.22162110358896822,0.10875185192692664,0.3572952744501882
390.0,0.2715177844148793,0.408970197698436,1.0,0.612903225806452,0.44444444444444464,0.887991927346115,0.1285623812539582,0.5775401069518717,0.514480408858603,0.18181818181818182,0.7826086956521738,0.26984581591723544,0.02524940406609274,0.0,0.0,0.4314607770843634,0.08771086095600832,0.2217960708484476,0.08361553247582919,0.08357432041642568,0.08983792127604837,0.2751067906493137,0.2599464044355398,0.7014612823071256,0.16831016436419716,0.7489965624903806,0.3391471849758183,0.661199842563993
400.0,0.26147162639152866,0.42224845087046325,1.0,0.580645161290323,0.44444444444444464,0.8536831483350151,0.12159594680177326,0.6167557932263815,0.4821124361158432,0.09090909090909091,0.8260869565217391,0.21935366544709745,0.042375372407293256,0.529531919940113,0.0019418955098473652,0.39901661743972683,0.08691870765995066,0.2217960708484476,0.08361553247582919,0.08465876229034124,0.08947774633393363,0.45652263478593336,0.13587742317803192,0.575545596882586,0.05232301853770943,0.44721359549995804,0.33950988216477423,0.5919949270181657
410.0,0.2506109150149336,0.4455591619946887,1.0,0.5161290322580645,0.44444444444444464,0.8072653884964682,0.11969601013299555,0.6773618538324422,0.47189097103918226,0.09090909090909091,0.7826086956521738,0.14940258970599463,0.06440852236744772,0.537841320329199,0.0027635067147253885,0.38651311992326404,0.08739722933790232,0.22516178581081517,0.08369121710262921,0.08523713128976287,0.09379984563931053,0.684965688964584,0.014160375667315095,0.5764541310316462,0.001445154406548188,0.08789381029635712,0.16894094780599644,0.5671701689700466
420.0,0.24002172142275335,0.4753614635585718,1.0,0.5161290322580645,0.44444444444444464,0.7325933400605449,0.12032932235592146,0.716577540106952,0.4480408858603066,0.09090909090909091,0.8695652173913043,0.11746339827870494,0.07875143341661252,0.6261350529291184,0.001728198636639319,0.4109379786703714,0.08664731904044722,0.25755936578909716,0.08352016266460001,0.08552631578947369,0.08947774633393363,0.681638042565625,0.9888818313995069,1.0,0.9995148784370032,0.045407660918650006,0.18714250570665328,0.6301291388292106
430.0,0.23079011675264738,0.5184420182944821,1.0,0.4516129032258065,0.5555555555555554,0.693239152371342,0.12349588347055097,0.7967914438502675,0.4778534923339012,0.18181818181818182,0.7826086956521738,0.07293211158656399,0.1090381494042397,0.6255114606783057,0.0035789952932412375,0.40284682103043434,0.08820207223372997,0.22154348538250543,0.08378602291389282,0.0858155002891845,0.09776177000257269,0.2741434729646716,0.9677443651811215,0.615307259622932,0.9969711490231652,0.1104315260748466,0.20730017808533024,0.7950763247806593
440.0,0.2231876187890307,0.5624077899085277,1.0,0.4193548387096775,0.5555555555555554,0.686175580221998,0.1272957568081064,0.8021390374331552,0.5051107325383305,0.09090909090909091,0.8260869565217391,0.05921082532378913,0.11027571009242974,0.7320478529353297,0.0005178802460735338,0.4226440481889976,0.0853693565088271,0.2649485382547713,0.08333355074461458,0.0858877964141122,0.08263442243375355,0.18564973443052393,0.644855623815602,0.4987430331145647,0.7234934510755004,0.8944271909999155,0.33931948084950403,0.371398839805135
450.0,0.21721422753190334,0.6072587784007081,1.0,0.3548387096774195,0.5555555555555554,0.6962663975782039,0.1310956301456618,0.8074866310160429,0.5195911413969335,0.09090909090909091,0.7826086956521738,0.0458182598413745,0.11171285949031982,0.7353820651979147,0.0005182060206393962,0.4228552705151852,0.08538881931491053,0.2231465904496731,0.08361556248531091,0.0858877964141122,0.08263442243375353,0.18564973443052393,0.6448556238156014,0.6234725023344712,0.7234934510754996,0.8944271909999164,0.34423947472364624,0.36743693391497795
460.0,0.2134129785500951,0.6329300678666273,1.0,0.3548387096774195,0.5555555555555554,0.7144298688193743,0.136162127929069,0.6916221033868093,0.5264054514480409,0.09090909090909091,0.8695652173913043,0.050858840197549826,0.06409561795344373,0.7731751190577647,0.005028087202496547,0.43469964475497475,0.08060530175152249,0.23710411245115254,0.08403097066865664,0.0860323886639676,0.058142526369951125,0.237987102184903,0.025324250787424396,0.38415223679629235,0.0032555181315913617,0.12215520134321627,0.12076481814587638,0.27894972466173074
470.0,0.21069780070594635,0.6429625258188255,1.0,0.3548387096774195,0.5555555555555554,0.7174571140262361,0.13869537682077263,0.5971479500891266,0.5136286201022146,0.09090909090909091,0.8695652173913043,0.09118199714477115,0.025778190491593824,0.5051374775840419,0.004059790133568063,0.45737076367020135,0.08151216906995051,0.11322767142810676,0.08352633553954314,0.08574320416425679,0.062464625675328025,0.19392874215672956,0.010052222878135508,0.6175730339077267,0.0009277493307549567,0.07525766947068777,0.09741240529402373,0.22226045301960584
480.0,0.20418137387998914,0.6429625258188255,1.0,0.3548387096774195,0.5555555555555554,0.7406659939455096,0.12982900569980999,0.536541889483066,0.5306643952299829,0.09090909090909091,0.8695652173913043,0.5007083527527557,0.01745696940040071,0.2624121736328848,0.0025254099662195143,0.6946054111773338,0.08443723606751781,0.12348041039156983,0.08347418947850191,0.08444187391555813,0.06930794957550811,0.1812575739196488,0.8770334598228793,0.9583807715123074,0.9623502749046553,0.3807498052542948,0.09540106807793386,0.25749268947165416
490.0,0.1952212869942982,0.627028622012393,1.0,0.3548387096774195,0.5555555555555554,0.763874873864783,0.12412919569347687,0.4402852049910874,0.5306643952299829,0.09090909090909091,0.8695652173913043,0.8265606385417288,0.04603189661591059,0.36981116015463544,0.005811900248138055,0.6408399277497656,0.08803514789729039,0.26529793126597534,0.08391827517090458,0.08480335454019665,0.06210445073321327,0.47795408883105023,0.9500877391281949,0.6516928157571675,0.9932242894817125,0.1643989873053572,0.07475052124028816,0.24162447061977416
500.0,0.17540048873201197,0.5989967542047802,1.0,0.3548387096774195,0.5555555555555554,0.7719475277497477,0.09879670677644078,0.36720142602495554,0.5178875638841567,0.09090909090909091,0.8695652173913043,0.7925688377473199,0.08714532218951464,0.6296304623692939,0.0044498349843678075,0.4096190571078153,0.08925783410277638,0.3270356395331343,0.08349006266656456,0.08256217466743783,0.06678672498070491,0.9048391685990459,0.7531111484846493,0.5473819409360989,0.8578476980396555,0.6983238520753275,0.2362865675398481,0.22430072304461704
510.0,0.15395058376323667,0.5624077899085277,1.0,0.3548387096774195,0.5555555555555554,0.79313824419778,0.09499683343888535,0.31550802139037437,0.528960817717206,0.09090909090909091,0.8695652173913043,0.8205993443938564,0.10694372822823277,0.6652658526150567,0.0023139223217235353,0.4494720169323896,0.08717930925788174,0.23623015279466178,0.08341877791382966,0.08502024291497975,0.07110882428608181,0.8896456645224959,0.9374930907036445,0.6946978466727446,0.9896556761602298,0.2026056040359525,0.27072084711039224,0.159450254892504
520.0,0.13114308987238665,0.5231631749778697,1.0,0.3548387096774195,0.5555555555555554,0.8102926337033299,0.09183027232425585,0.2994652406417113,0.5255536626916524,0.09090909090909091,0.8695652173913043,0.8218535421856669,0.11441984049751258,0.9498072250692876,0.0007906823073279561,0.43226667251572387,0.08597770614867749,0.3370492912781291,0.08347521567959768,0.08509253903990746,0.07831232312837665,0.1388491646316727,0.8392872459805121,0.5855363301570015,0.9370766826494525,0.48564293117863205,0.0778319875186494,0.14551179277711568
530.0,0.10942166711919632,0.48391856004721145,1.0,0.3225806451612905,0.44444444444444464,0.8123107971745711,0.09436352121595945,0.2994652406417113,0.5127768313458262,0.0,0.8260869565217391,0.8287999111932265,0.1128929949818062,0.7951690779627965,0.0003056709252461383,0.4359242254210531,0.08509978664205896,0.15916003201311538,0.08357085452447131,0.08574320416425679,0.08155389760740932,0.14072705992899928,0.4946219355050005,0.4903309098084593,0.4997699735629032,1.0,0.06816745577702607,0.13426529373067841
540.0,0.08824327993483583,0.45205075243434634,1.0,0.3225806451612905,0.44444444444444464,0.8546922300706357,0.09563014566181127,0.3440285204991088,0.5468483816013628,0.09090909090909091,0.8695652173913043,0.8020365702026047,0.09690190589545236,0.6605739538683522,0.0018941151890847334,0.4142637652787934,0.08368931223104598,0.16727843999491487,0.08376185571313108,0.08559861191440139,0.09055827116027786,0.16395032815463378,0.977733178223434,0.8100947073193943,0.9984376858055887,0.07974522228289006,0.05936648306594812,0.12308748390381706
550.0,0.06760792831930496,0.42549424609029207,1.0,0.3225806451612905,0.44444444444444464,0.8425832492431886,0.09689677010766307,0.37611408199643503,0.5008517887563884,0.09090909090909091,0.8695652173913043,0.7778825051510018,0.08568203141488046,0.6587385736638529,0.001368500343528747,0.4159403776697136,0.08415457514493686,0.2210526517897114,0.08356711424200974,0.08559861191440139,0.08803704656547466,0.1031774976918808,0.9677443651811215,0.6196138996974283,0.9969711490231652,0.1104315260748466,0.053300234833693595,0.11624140402125759
560.0,0.06407819712191154,0.42165830628503975,1.0,0.3870967741935485,0.44444444444444464,0.8536831483350151,0.1367954401519949,0.5133689839572193,0.5204429301533219,0.09090909090909091,0.9565217391304348,0.7510625291291335,0.01337260322882185,0.4828589010136931,0.007634624909795513,0.4142273739589917,0.07819745392660721,0.15055617168647362,0.08419275111216798,0.09000867553499133,0.10928736815024441,0.09625269603698278,0.7814062293759835,0.5514914952664941,0.8869505516275088,0.6332377902572627,0.04960135628348231,0.12361934991916261
570.0,0.07385283736084713,0.4313956919445264,1.0,0.3548387096774195,0.3333333333333339,0.851664984863774,0.16782773907536414,0.5953654188948307,0.5093696763202725,0.0,0.8260869565217391,0.7372120853217445,0.03552235912759068,0.6296651792047865,0.002344018476526946,0.42256105691297247,0.08740860011521151,0.2812598184043178,0.08312817596088587,0.08899652978600348,0.09812194494468743,0.24377662004527637,0.7388820482039584,0.6070457340174135,0.8421664997557416,0.7290730328782654,0.04786870303763404,0.15791659993439244
580.0,0.09231604670105908,0.4505753909707878,1.0,0.3548387096774195,0.3333333333333339,0.8456104944500504,0.188093730208993,0.6524064171122995,0.5059625212947189,0.09090909090909091,0.8695652173913043,0.7438736540947352,0.06842340878449008,0.7540380563632808,0.0034766402088051377,0.4357412246141721,0.08845700784265743,0.27217319001036266,0.08371986656061786,0.0877674956622325,0.09307949575508104,0.46956417690467156,0.7491110358237855,0.6274238825872555,0.8535078510595372,0.7071067811865475,0.05605443629095527,0.19511907077023433
590.0,0.1349443388541951,0.49247565653585135,1.0,0.3548387096774195,0.3333333333333339,0.8446014127144298,0.24445851804939833,0.7896613190730839,0.510221465076661,0.09090909090909091,0.8695652173913043,0.7350845779510241,0.1539783346734434,0.8018991209023376,0.009043141106967278,0.42581328164437277,0.09359152764683631,0.2411821508892558,0.08412830365100071,0.09188837478311163,0.10928736815024441,0.812113306653872,0.7257281736456518,0.6144398802121062,0.8270823308860155,0.7562495338185155,0.11379943850799291,0.15646011559708292
600.0,0.18300298669562864,0.5343759221009147,1.0,0.3548387096774195,0.3333333333333339,0.8506559031281533,0.2571247625079164,0.7896613190730839,0.5161839863713799,0.09090909090909091,0.8695652173913043,0.7162281026860818,0.1650561482897541,0.739702329250683,0.001558912241662871,0.41934438893027304,0.08632892448659371,0.1966033177650619,0.08292610532927436,0.08689994216310006,0.08155389760740932,0.6562510154268761,0.4946219355050005,0.534197917241208,0.4997699735629032,1.0,0.08581742541376026,0.1341464522472258
610.0,0.23486288351887064,0.5762761876659782,1.0,0.3548387096774195,0.3333333333333339,0.8546922300706357,0.26599113362887905,0.7896613190730839,0.514480408858603,0.09090909090909091,0.8695652173913043,0.7044919817886173,0.1731164746432904,0.786480723828649,0.0010848259225694319,0.423919633036017,0.08603467553061388,0.24074361642025421,0.0835718609120548,0.08646616541353383,0.08155389760740932,0.2827255381482341,0.4946219355050005,0.6234725023344714,0.4997699735629032,1.0,0.06046662806503134,0.1260911326416316
620.0,0.2842791202823787,0.6093242844496901,1.0,0.3548387096774195,0.3333333333333339,0.8405650857719476,0.26029132362254587,0.7361853832442069,0.49914821124361153,0.09090909090909091,0.8695652173913043,0.6765543570232926,0.155440292610874,0.6990839751428781,0.002355999704585843,0.4135092192770916,0.08352499112645514,0.1863960984147768,0.08373262960488327,0.08480335454019665,0.07074864934396707,0.31487619865960964,0.9091606774511769,0.7836056709156041,0.9789330167684369,0.287347885566346,0.053801435346292795,0.11812628349807619
630.0,0.32500678794461035,0.6279138388905282,1.0,0.2903225806451615,0.3333333333333339,0.8567103935418768,0.240025332488917,0.6488413547237077,0.524701873935264,0.09090909090909091,0.7826086956521738,0.6274565843644716,0.11833858606250294,0.6240979202840193,0.0043639756771390505,0.3999125867318659,0.08163071956524741,0.19142303850078649,0.08380050185210329,0.08314054366685945,0.06390532544378699,0.38916994011119876,0.8161434884176517,0.5875406684544366,0.918623672968046,0.5467889009387269,0.05098511819776056,0.11427389134064818
640.0,0.3597610643497149,0.6367660076718796,1.0,0.2903225806451615,0.3333333333333339,0.8405650857719476,0.22609246358454715,0.590017825311943,0.4974446337308347,0.09090909090909091,0.8695652173913043,0.5740933412139996,0.09562682526121621,0.597529020804206,0.0029334454154048067,0.39717177248050106,0.08303394885636055,0.21103436262335104,0.08348375585406127,0.08386350491613649,0.06966812451762285,0.28926442407429787,0.8130722478233324,0.6222861054116303,0.9160122058826488,0.554700196225229,0.048809008546577486,0.11134134631652463
650.0,0.37116481129514,0.6255532605488344,1.0,0.2903225806451615,0.44444444444444464,0.8425832492431886,0.17162761241291954,0.4688057040998218,0.5127768313458262,0.18181818181818182,0.8695652173913043,0.2662789564394589,0.041197872457078205,0.3649706887076894,0.007117328865920989,0.23367203274385137,0.0799410606945495,0.12759853296249313,0.08400094062952412,0.07923655292076344,0.0570620015436069,0.2624385786538534,0.711408985206745,0.5842007558755995,0.8100495874501914,0.7844155915708847,0.04953913738870916,0.1503678763469604
660.0,0.3616616888406192,0.5945706698141046,1.0,0.2903225806451615,0.44444444444444464,0.8456104944500504,0.12286257124762506,0.34937611408199654,0.5136286201022146,0.09090909090909091,0.8695652173913043,0.8988552293032155,0.08050551884248146,0.36045613856960146,0.017369059927629923,0.8379280277976964,0.08908174433185564,0.21996745647958427,0.0845598945230518,0.07988721804511278,0.057422176485721635,0.48517765873568464,0.7266453265353041,0.6293581853060345,0.828151857137597,0.7543945610702116,0.04941814391750914,0.21548583073841504
670.0,0.3383111593809396,0.5503098259073472,1.0,0.2903225806451615,0.44444444444444464,0.8446014127144298,0.09056364787840404,0.269162210338681,0.510221465076661,0.09090909090909091,0.8695652173913043,0.8354759230081887,0.12576626149970463,0.6066681109414899,0.005458936864891778,0.3907358661337337,0.08966225792156995,0.32152400313277074,0.0825184037928294,0.08176691729323309,0.06534602521224595,0.7579477926445937,0.7288857443230694,0.6243379587152575,0.8307534117590717,0.7498378553650925,0.0928060304314417,0.15687026506797874
680.0,0.3011132229161011,0.4948362348775449,1.0,0.2903225806451615,0.44444444444444464,0.8415741675075681,0.05826472450918302,0.20142602495543677,0.5085178875638842,0.09090909090909091,0.8695652173913043,0.8006788362207402,0.16920313865931186,0.6870079673298066,0.004983005250991404,0.40910161376118614,0.0894844044720652,0.2543376555668563,0.0835716909284324,0.08176691729323309,0.06786724980704914,0.34566715001152376,0.7021138144957194,0.6131307091110966,0.7986665200264026,0.8018828276133994,0.06161461540851083,0.12732125166957892
690.0,0.25929948411620973,0.4343464148716435,1.0,0.3225806451612905,0.44444444444444464,0.8668012108980827,0.047498416719442674,0.1711229946524065,0.5323679727427597,0.09090909090909091,0.9130434782608695,0.796045109752322,0.18649867983169233,0.8764557535212743,0.0018481843518040808,0.42848333683095513,0.08693524348071544,0.2985317218840541,0.08332676115865231,0.08422498554077501,0.07543092359145871,0.2288316032585936,0.7491110358237854,0.6416271721017404,0.8535078510595371,0.7071067811865478,0.05329349271528674,0.09235490071156828
700.0,0.21449904968775457,0.370905871938625,1.0,0.3225806451612905,0.44444444444444464,0.8940464177598385,0.04053198226725775,0.1532976827094475,0.5340715502555365,0.09090909090909091,0.8695652173913043,0.792765179476448,0.19713035727099615,0.9123984822006999,0.0011426302737858709,0.4293532300596696,0.08628541971163456,0.2363546399437042,0.08355053872116153,0.08465876229034124,0.07795214818626191,0.2288316032585936,0.7336928928898206,0.6175165907830895,0.8362818735035299,0.7399400733959436,0.050337914673646615,0.1592404773884816
710.0,0.18626120010860725,0.3278253172027147,1.0,0.3225806451612905,0.44444444444444464,0.8990918264379414,0.0791640278657378,0.2762923351158646,0.5153321976149914,0.09090909090909091,0.8695652173913043,0.8041188978115917,0.1303846567727996,0.7640400998734718,0.007063374285573547,0.4387562051221036,0.07873999840846999,0.1617036449440166,0.0841609355792072,0.08986408328513591,0.10640596861332648,0.0451096557052614,0.7690259580839518,0.6371213971486371,0.8745673309718126,0.6623395687372301,0.039705392064885416,0.16293952024765318
720.0,0.18164539777355415,0.30510475066391274,1.0,0.3225806451612905,0.44444444444444464,0.9061553985872856,0.13426219126029132,0.3992869875222817,0.5170357751277682,0.09090909090909091,0.8695652173913043,0.9321520694699403,0.057356543025901784,0.4732620298475756,0.0080840953708566,0.5137295777279274,0.07812737161720906,0.10401668182057389,0.08370955857229416,0.09174378253325621,0.10640596861332648,0.0451096557052614,0.7118880764094679,0.6014005724695013,0.8106294533555418,0.7834976790895339,0.07230241377495157,0.1711519961462991
730.0,0.19304914471897927,0.29595750958984957,1.0,0.3548387096774195,0.5555555555555554,0.9112008072653884,0.17162761241291954,0.48128342245989314,0.5153321976149914,0.18181818181818182,0.9130434782608695,0.2980279643225796,0.03797002317851163,0.29287218416474314,0.008232710718520948,0.02399895360586235,0.08335820827946937,0.14872933026012097,0.08362922252418534,0.08971949103528051,0.09812194494468743,0.0451096557052614,0.7091967015100924,0.6224328446454135,0.8073631816765225,0.7886319326366391,0.07459858685217072,0.1773665679602545
740.0,0.21612815639424388,0.2974328710534081,1.0,0.3548387096774195,0.5555555555555554,0.9142280524722503,0.19886003799873336,0.5454545454545455,0.5136286201022146,0.09090909090909091,0.8695652173913043,0.5194374080126767,0.06193364097866213,0.43104762164377447,0.005198574231722985,0.5737292934978226,0.08758547806838717,0.2777639043356501,0.08333603593744188,0.08856275303643725,0.09452019552354,0.07357923401800333,0.7204746958840818,0.627829105931685,0.8209057855574805,0.7667576729931039,0.07774205500737424,0.17581693465473264
741.0,0.2527830572902525,0.30510475066391274,1.0,0.2903225806451615,0.666666666666667,0.917255297679112,0.9999999999999999,1.0,0.5366269165247018,1.0,0.0,0.5613567501912622,1.0,0.6231734583228092,1.0,0.7008170665623743,1.0,1.0,1.0,1.0,1.0,0.11253799750052035,0.5590755872260782,0.0,0.5986246053369543,0.9802814947950829,0.040947756771831934,0.09314301852572734
751.0,0.29839804507195233,0.317202714665093,1.0,0.2903225806451615,0.666666666666667,0.9142280524722503,0.25142495250158325,0.609625668449198,0.5085178875638842,0.09090909090909091,0.8695652173913043,0.5770096957604931,0.12578519064037186,0.7320372026882374,0.09229309453420521,0.4415187100547027,0.0,0.2658912300793513,0.0,0.0,0.0026755852842809402,0.894325205460838,0.5539839742534148,0.6215056509017837,0.5909068168384163,0.9832654518678665,0.06075504015095835,0.12251049253533372
761.0,0.3453706217757264,0.317202714665093,1.0,0.2903225806451615,0.666666666666667,0.9061553985872856,0.2545915136162128,0.536541889483066,0.504258943781942,0.09090909090909091,0.8695652173913043,0.5007083527527557,0.12583565442788844,0.5900851027312625,0.0031798874826108486,0.38243270181735173,0.08525359727167,0.16429850370843876,0.07540666217487645,0.0858155002891845,0.06678672498070491,0.894325205460838,0.024964887992549645,0.41911644594964487,0.0031880496259150126,0.1210543753110397,0.04858569601338434,0.10727194032209438
771.0,0.37849579147434165,0.30038359398052517,1.0,0.22580645161290347,0.666666666666667,0.9061553985872856,0.22229259024699174,0.4349376114081997,0.5110732538330494,0.09090909090909091,0.7826086956521738,0.3613857073942679,0.09794729344127534,0.5136560712483272,0.005393879567875849,0.3419378293383133,0.08252915494427068,0.19083856215031725,0.08381947950541767,0.08176691729323309,0.06102392590686905,0.7867516140369724,0.7670939715209149,0.9101513326017742,0.8725850666762931,0.6667948594698258,0.045419546392120695,0.10595911187287209
781.0,0.4023893565028509,0.2720566538802006,1.0,0.22580645161290347,0.666666666666667,0.9122098890010091,0.20075997466751105,0.3654188948306596,0.5161839863713799,0.09090909090909091,0.8695652173913043,0.23650373256898893,0.09472629100690846,0.5204671870721602,0.003932558509910812,0.35121680469968386,0.0849345816681286,0.22455490702979267,0.08348091948826225,0.08299595141700405,0.0675070748649344,0.7867516140369724,0.7712699608958212,0.6250856553233222,0.8768530007472788,0.6571352004324272,0.04334144565460141,0.10440240333311383
791.0,0.40809122997556346,0.2334021835349661,1.0,0.22580645161290347,0.666666666666667,0.9354187689202825,0.1583280557314756,0.3030303030303031,0.5306643952299829,0.09090909090909091,0.8695652173913043,0.05066798179397286,0.09650251175973493,0.4865021775150527,0.005942366966145,0.3120504388498818,0.08542188371038406,0.2080385750592853,0.08380067065559903,0.08061017929438982,0.06894777463339337,0.8015040605786644,0.6506069532396394,0.5768612986245353,0.7313998042865353,0.886348848204834,0.04629651138470479,0.14229589013281704
801.0,0.3988596253054575,0.18560047211566844,1.0,0.16129032258064546,0.666666666666667,0.9626639757820383,0.12349588347055097,0.2477718360071302,0.5340715502555365,0.09090909090909091,0.7826086956521738,0.9354733922610375,0.12040177524498466,0.36645659205094,0.03537231726857375,1.0,0.08757920258540304,0.17317171719551425,0.0863265407874956,0.08147773279352227,0.07038847440185234,0.9999999999999999,0.6609288041043454,0.6274597549536775,0.7454046124613635,0.871152209203766,0.049619294528965366,0.21571251627646232
811.0,0.3793103448275863,0.13160224254942465,1.0,0.16129032258064546,0.666666666666667,0.9858728557013117,0.09943001899936668,0.21033868092691627,0.5306643952299829,0.09090909090909091,0.8695652173913043,0.881932165130168,0.14304133031652322,0.6333256551781831,0.0034850984763197734,0.3970574073639347,0.08745636266818241,0.3298911386875336,0.08067816716282722,0.08270676691729323,0.07399022382299975,0.7886512555747995,0.6582099374217061,0.6224222247782731,0.7417392249915996,0.8752415354392694,0.08750276754235221,0.3282459632901473
821.0,0.348628835188705,0.08557096488639726,1.0,0.16129032258064546,0.666666666666667,0.9757820383451059,0.07346421785940467,0.2584670231729056,0.5025553662691652,0.09090909090909091,0.8695652173913043,0.8015893960687084,0.14011151431098112,0.5950913691267422,0.003740979666193894,0.3798358492203029,0.08496297658589154,0.2063093085535654,0.08363910356668797,0.08248987854251012,0.09127862104450735,0.5983473768702532,0.3059246807379573,0.48738738244352786,0.2246311941311417,0.8351708648198782,0.14358479237309332,0.24959963466198717
831.0,0.312516969861526,0.04750663912658604,1.0,0.12903225806451646,0.666666666666667,0.9757820383451059,0.06079797340088662,0.30659536541889487,0.5110732538330494,0.09090909090909091,0.8260869565217391,0.7461963295151419,0.1347703979201194,0.6249388890057799,0.0025359184482024776,0.39586749223243817,0.08472783967920525,0.23388578124179776,0.0835045254593555,0.0840080971659919,0.09127862104450733,0.6220606182893744,0.19222585793452118,0.5795515103567832,0.09778172570033217,0.5952275506257376,0.11525170015065211,0.23463313627785234
841.0,0.27287537333695355,0.014458542342874026,1.0,0.12903225806451646,0.666666666666667,0.970736629667003,0.052564914502849905,0.3368983957219252,0.5068143100511073,0.09090909090909091,0.8695652173913043,0.7092959604274418,0.13384467140570197,0.6607346101520003,0.0016386296753635077,0.4077501318755522,0.0851584044996158,0.2362950946779906,0.08353287663386771,0.08451417004048584,0.08767687162335992,0.6263630533574084,0.1971827472281073,0.6253873110328364,0.10238380603292757,0.6074501075707965,0.09044165609666355,0.3799339782183049
851.0,0.24002172142275335,0.0,1.0,0.12903225806451646,0.666666666666667,0.9798183652875883,0.06839772007599747,0.4491978609625669,0.518739352640545,0.09090909090909091,0.8695652173913043,0.6233591640269096,0.09495501122039199,0.5541858678680401,0.004915231699125474,0.37624135949555504,0.08145636804519298,0.17863860107510607,0.08391736429100927,0.08726142278773857,0.10424491896063803,0.5917786845837284,0.8811940733454904,0.8877008841796131,0.9647578368814431,0.36884552030541035,0.09551542972263613,0.5392180281438813
861.0,0.21395601411892495,0.00413101209796396,1.0,0.06451612903225845,0.7777777777777777,0.9465186680121089,0.08423052564914502,0.5614973262032086,0.4829642248722316,0.18181818181818182,0.7826086956521738,0.4545477995261131,0.07056649847746436,0.46705699336848705,0.004711062866397352,0.32298960268009747,0.08287044112118246,0.1865046006067965,0.08359672498900637,0.08726142278773857,0.10424491896063803,0.4307793003943842,0.8811940733454904,0.6234725023344714,0.9647578368814431,0.3688455203054101,0.2140987707918298,0.44584824153366664
871.0,0.19223459136573462,0.02065506048982002,1.0,0.06451612903225845,0.7777777777777777,0.8839556004036326,0.09436352121595945,0.6363636363636365,0.4582623509369676,0.09090909090909091,0.8695652173913043,0.30603283282929505,0.07102982262271755,0.479125782100815,0.0034940471444166493,0.3360312252775104,0.08529385716960831,0.22668452259129562,0.08350342424242024,0.08661075766338924,0.09668124517622846,0.32910649690772215,0.8856616413841671,0.6251982899472923,0.9672576525040016,0.3559953275919879,0.332758603284287,0.4070196452661852
881.0,0.18110236220472453,0.054883446444378925,1.0,0.06451612903225845,0.7777777777777777,0.6407669021190716,0.11906269791006965,0.7433155080213905,0.3057921635434412,0.09090909090909091,0.8695652173913043,0.10829691338507064,0.08949061948093043,0.4741766753254953,0.006176104736347982,0.30440388451406997,0.08704887288132158,0.2197914397145421,0.0838625964480539,0.08827356853672644,0.1031643941342938,0.13832705242231616,0.8168398174020948,0.5968871542677444,0.9192105349065569,0.5449883505954141,0.18257298394556748,0.3455207669521727
971.0,0.11919630735813214,0.21392741221599298,0.0,0.0,0.8888888888888893,0.4197780020181635,0.12898458940257546,0.6432957021192316,0.49034639409426456,0.10101010101010101,0.859903381642512,0.1275617539440515,0.047298629543150686,0.8227058644965434,0.0004960462734370927,0.4328361978330547,0.08479152814857933,0.23748178491106223,0.08355739560979282,0.08557986847460532,0.07930836247447173,0.13832705242231616,0.07386749590516717,0.5915831060353405,0.017937759739260373,0.26892241538106704,0.13990072765042028,0.24858636002192083
981.0,0.09720336682052677,0.1667158453821186,1.0,0.0,0.8888888888888893,0.7699293642785066,0.09373020899303355,0.251336898395722,0.8066439522998297,0.09090909090909091,0.8695652173913043,0.8520341889000919,0.13044348134460476,0.3915576632619989,0.03250575514181513,0.8969766863691859,0.0933565103220478,0.04715988966274476,0.08656418124704486,0.0814295353769038,0.0023554297801789414,0.13832705242231616,0.9232583699182557,0.9515857478686458,0.9847318233181848,0.24541603978064938,0.07468860926567815,0.1399303081675418
991.0,0.08688569101276133,0.15727353201534366,1.0,0.0,0.8888888888888893,0.7739656912209889,0.12096263457884736,0.4795008912655972,0.514480408858603,0.09090909090909091,0.8695652173913043,0.7238067901011388,0.03613517702273827,0.431711989890728,0.010073690289692577,0.34906717414384,0.07605224310316888,0.23806054380796687,0.08154915065604998,0.08856275303643725,0.1276562901980962,0.17416154819861582,0.8985858833993767,0.6139417081208961,0.973987353955466,0.31844863348262303,0.050300099517483744,0.11650026236497074
1001.0,0.09231604670105908,0.15904396577161395,1.0,0.0,0.7777777777777777,0.8042381432896064,0.1576947435085497,0.5472370766488415,0.5366269165247018,0.0,0.8695652173913043,0.5936133646707435,0.015188009271404651,0.35265412900844084,0.002306322685008144,0.3478038870526347,0.08320602237895118,0.1897737572271447,0.08290002334585522,0.0896471949103528,0.0952405454077695,0.11696668167892611,0.6825576744326421,0.5400224454294359,0.773926084395659,0.8364611295797533,0.05175986992633719,0.11806537222228476
1011.0,0.10371979364648398,0.16465033933313655,1.0,0.0,0.7777777777777777,0.8446014127144298,0.17162761241291954,0.5704099821746881,0.545144804088586,0.09090909090909091,0.8695652173913043,0.6361282088239555,0.03353027197429081,0.5239606053647056,0.0019931154030011673,0.4587790508780184,0.08703731407479964,0.2911836010702483,0.08358668065868136,0.08704453441295547,0.08623617185490096,0.20284541942633688,0.6675570451766392,0.6176778731468658,0.7542673590780404,0.8609265282143156,0.054771952055143486,0.11687444240129186
1021.0,0.11919630735813214,0.1823546768958394,1.0,0.0,0.7777777777777777,0.8809283551967709,0.18112729575680808,0.64349376114082,0.5417376490630323,0.09090909090909091,0.8695652173913043,0.7592340934204913,0.06019649323673353,0.4811117088670733,0.0037347820537791676,0.5105635076247547,0.0878490212677297,0.2044401648492081,0.08377597014962375,0.08653846153846154,0.09632107023411372,0.30458928799654156,0.8899553071042183,0.7093832623329276,0.9695764204197415,0.3435815312635322,0.048521713886842656,0.2013960378496942
1031.0,0.1496062992125986,0.20832103865447038,1.0,0.03225806451612945,0.666666666666667,0.893037336024218,0.21595946801773272,0.6934046345811052,0.5212947189097104,0.0,0.9130434782608695,0.7129932646435915,0.10360416790465792,0.6175524540386805,0.004849447467489062,0.4017483402606374,0.08948155680380966,0.277061268816742,0.0837182124725754,0.08943030653556969,0.09163879598662208,0.5021303307609551,0.6472035942133068,0.5296993587647776,0.726729861563798,0.8911631156014922,0.04930545024391115,0.1930560338011042
1041.0,0.19467825142546835,0.24727058129241664,1.0,0.03225806451612945,0.666666666666667,0.8940464177598385,0.25015832805573146,0.7718360071301249,0.5119250425894377,0.09090909090909091,0.8695652173913043,0.7148504307128727,0.1542649754879344,0.9414029987867264,0.005349099211824251,0.4326541148978122,0.0901888429005082,0.35297143525392694,0.0836615590582023,0.089358010410642,0.09740159506045794,0.27470863069228885,0.7161612460182036,0.6501103196578673,0.8157712550683833,0.7752349855172895,0.066931308393142,0.18027327726244494
1051.0,0.24979636166168895,0.2997934493951019,1.0,0.03225806451612945,0.666666666666667,0.8668012108980827,0.2735908803039898,0.8538324420677363,0.4880749574105621,0.09090909090909091,0.8695652173913043,0.7301764048500585,0.19638147660949368,0.7738613145621315,0.004556600061905003,0.441308611787116,0.08935564857788483,0.15393346620664514,0.08354252957367198,0.08812897628687102,0.09812194494468743,0.13246897796308496,0.7841095982394262,0.649720434891916,0.8895799985322776,0.6267586448165063,0.06605400571807325,0.17431204098913347
1061.0,0.31658973662774925,0.3614635585718501,1.0,0.09677419354838745,0.5555555555555554,0.8163471241170535,0.30082330588980366,0.9090909090909092,0.4684838160136286,0.0,0.9565217391304348,0.725198229169828,0.23479303869026122,0.890670248970882,0.004073540687087197,0.4282620080677028,0.08899436306123297,0.26910942197714305,0.08357103433815985,0.08856275303643725,0.0927193208129663,0.05684385346687108,0.6970197945485657,0.5898303724079589,0.792323338251435,0.8111763787473861,0.06340183846590249,0.1749897134595723
1071.0,0.38962802063535174,0.4213632339923282,1.0,0.09677419354838745,0.5555555555555554,0.6024217961654894,0.3153894870170994,0.8983957219251337,0.33049403747870526,0.09090909090909091,0.8695652173913043,0.7067771802373789,0.24512602451775398,0.7772467712798058,0.0018510546657178545,0.4196241758142411,0.08625629292922204,0.17585399584023978,0.08341080300756375,0.08711683053788316,0.07939284795472087,0.05684385346687108,0.4119363117885297,0.5133469174731253,0.37349316713683445,0.967617272396844,0.06586073967965882,0.17890253140507778
1312.0,0.6755362476242193,0.8802006491590441,0.0,0.645161290322581,0.22222222222222232,0.4974772956609485,0.172699775844263,0.6515558316876355,0.507397484925813,0.07959260656356092,0.9002345300378856,0.8116777525051552,0.056680422104697994,0.7753060591598877,0.0008295190067066251,0.43425765478789924,0.08448617877258319,0.22176345326944719,0.08361162786450893,0.08477813473015273,0.07948435363550882,0.19694583594755902,0.6731914124006987,0.627660089959257,0.7617175875608596,0.851950704699832,0.10815609553628346,0.20958064162572826
1322.0,0.6798805321748576,0.8701681912068456,1.0,0.645161290322581,0.22222222222222232,0.6498486377396568,0.15516149461684609,0.4759358288770054,0.6396933560477001,0.09090909090909091,0.8695652173913043,0.14020459008938163,0.027332223118741474,0.2582758309957349,0.006822357255021378,0.0,0.08238679947768571,0.012373453879111457,0.08416757670746056,0.08345192697671405,0.046068446049017525,0.14407021152203334,0.914813454444827,0.7168092626332075,0.9813677427746066,0.2705952830632917,0.05660073148057464,0.1393553184883186
1332.0,0.6820526744501765,0.8742992033048097,1.0,0.67741935483871,0.3333333333333339,0.7800201816347124,0.15009499683343888,0.5614973262032086,0.620954003407155,0.18181818181818182,0.9130434782608695,0.8359332553164204,0.011728548900849274,0.17925835004218751,0.0031649363954815352,0.8785071332764148,0.08372709082318197,0.1897901130800312,0.08327862064799452,0.08487565066512436,0.0988422948289169,0.14407021152203334,0.03915613188180617,0.28521272715646456,0.006315657644093919,0.16439898730535743,0.04510357012636265,0.10830071353278407
1342.0,0.6931849036111866,0.8713484803776924,1.0,0.741935483870968,0.3333333333333339,0.8940464177598385,0.17099430018999365,0.518716577540107,0.6073253833049403,0.09090909090909091,0.9565217391304348,0.42445068757943283,0.03069655007226947,0.3125772357062177,0.004637842702673439,0.1670591622919934,0.08709833268898039,0.27579676250304186,0.08375121266557023,0.08783979178716021,0.07290969899665552,0.3770678281938456,0.2908758501800237,0.7207099183024036,0.2055306684468728,0.8087360843031886,0.04610321644643249,0.12132486942300914
1352.0,0.7187075753461853,0.8639716730598997,1.0,0.741935483870968,0.3333333333333339,0.9656912209889,0.2045598480050665,0.49197860962566853,0.5715502555366269,0.09090909090909091,0.8695652173913043,0.4178496159528747,0.07074994884539755,0.7578529969802205,0.0042312622454203485,0.4272192025092343,0.08915446605108694,0.40215460719578217,0.08357807937150358,0.08928571428571429,0.0761512734756882,0.8690725665637444,0.40525376752917613,0.6676558233790669,0.36353769067506936,0.9622060458243663,0.06247572042346061,0.14998608611841444
1362.0,0.7534618517512899,0.853349070522278,1.0,0.741935483870968,0.3333333333333339,0.9889001009081735,0.22609246358454715,0.4723707664884136,0.5306643952299829,0.09090909090909091,0.8695652173913043,0.41331450640435463,0.09671609190684695,0.8195243162043686,0.0027450900316815506,0.42854670396947164,0.08778075344692136,0.2467759818098081,0.08347863026625661,0.0879120879120879,0.07759197324414716,0.914852387821008,0.39323393170898746,0.6188293310191068,0.3457795193485145,0.9514445185544114,0.04420524590630853,0.09159738975722208
1372.0,0.7849579147434158,0.8430215402773679,1.0,0.774193548387097,0.44444444444444464,0.9969727547931382,0.21849271690943634,0.47415329768270953,0.5178875638841567,0.18181818181818182,0.9130434782608695,0.40729937155104345,0.08813236578428787,0.7858772670954984,0.0009230351226212848,0.42759570115379353,0.08441163800373415,0.2081673646455326,0.08344768965067949,0.08458646616541353,0.08191407254952406,0.7467321115573743,0.467682049102468,0.652231244827751,0.4582255667480555,0.9965457582448797,0.04226541045351062,0.08978983247285835
1382.0,0.8156394243822971,0.8332841546178814,1.0,0.774193548387097,0.44444444444444464,0.9979818365287587,0.21659278024065864,0.4777183600713013,0.5119250425894377,0.09090909090909091,0.8695652173913043,0.41013759328173405,0.08562643985204196,0.8506181731686469,0.00027652339419766386,0.4332845005360287,0.08500431204173797,0.24801931513137201,0.08355597754449784,0.08523713128976287,0.08227424749163881,0.6001150243752693,0.30409404718576183,0.5602796992546091,0.2222751520164053,0.8320502943378425,0.04073024843106253,0.09292159575113418
1392.0,0.8455063806679337,0.8247270581292417,1.0,0.806451612903226,0.3333333333333339,1.0,0.2146928435718809,0.4848484848484849,0.5127768313458262,0.0,0.9130434782608695,0.4185410075574141,0.08274495565510807,0.7502522295284433,0.00038153549086423116,0.4368604622192128,0.08496768964115411,0.18114293796226943,0.08362520590932,0.08523713128976287,0.08299459737586828,0.2802276467479141,0.1941545588837984,0.5810037127315262,0.09956125045825376,0.600000000000001,0.0387527102606581,0.09289814479530743
1402.0,0.8726581591094218,0.8182354676895839,1.0,0.806451612903226,0.3333333333333339,0.987891019172553,0.20835972134262187,0.4973262032085562,0.5008517887563884,0.09090909090909091,0.8695652173913043,0.43168059616643517,0.07447681831144144,0.7007486139913983,0.0009310942647980564,0.43990373121736376,0.08444241250603401,0.20174467704112,0.08366615636029293,0.08473105841526894,0.08407512220221251,0.31133747022500413,0.29673109686793514,0.6630970401336802,0.212889182830095,0.8192319205190406,0.03996145607458283,0.09041934981891357
1412.0,0.8927504751561226,0.812924166420773,1.0,0.806451612903226,0.3333333333333339,0.9737638748738647,0.19189360354654844,0.5044563279857398,0.49914821124361153,0.09090909090909091,0.8695652173913043,0.4246490452623249,0.05539513252894205,0.7302595129471511,0.002018578451323208,0.42694259439738785,0.08338793404051821,0.2337494332473463,0.08371570861062314,0.08357432041642568,0.08299459737586828,0.41858234008875805,0.4451596473841164,0.6808093244381745,0.4237017091264554,0.9883716976506172,0.04126453092919209,0.11590483759220692
1422.0,0.907955471083356,0.8070227205665387,1.0,0.903225806451613,0.3333333333333339,0.9566094853683148,0.18049398353388219,0.500891265597148,0.4965928449744463,0.09090909090909091,1.0,0.3913657542038629,0.043252751204365406,0.5687262882192334,0.0013676650374686706,0.4100743160494291,0.08406461729189756,0.15636718718310788,0.08355557207300822,0.0841526894158473,0.08083354772317984,0.3406514802702933,0.5304777064664493,0.6564302207708828,0.5550145486140434,0.9938837346736189,0.04055483084296593,0.19572720187843126
1432.0,0.9112136844963346,0.7999409855414575,1.0,0.903225806451613,0.3333333333333339,0.8506559031281533,0.15262824572514247,0.4937611408199644,0.4216354344122657,0.09090909090909091,0.8695652173913043,0.14779270017408197,0.019517485130214864,0.31898720646818474,0.0029593193158937957,0.2749508448178103,0.08293414218552704,0.1206394861637733,0.08376215141108963,0.082272990167727,0.08011319783895035,0.09200895454437563,0.5239980586027632,0.6209694635621948,0.5450614677116572,0.9958932064677039,0.05458597663381562,0.24638259787808253
1442.0,0.9087700244366006,0.7878430215402773,1.0,0.838709677419355,0.44444444444444464,0.6266397578203834,0.13932868904369852,0.46345811051693414,0.3219761499148211,0.18181818181818182,0.7826086956521738,0.9325372787537858,0.030532373117042485,0.2542275446379975,0.008020063118080838,0.9357050635851081,0.08632278832124574,0.19556522956343636,0.08408171465996325,0.0839358010410642,0.07543092359145871,0.143935128502232,0.7151282242697188,0.6973046341540355,0.814533248156545,0.7772448707074856,0.09972989173642657,0.22412638878966384
1452.0,0.9022535976106434,0.77279433461198,1.0,0.838709677419355,0.44444444444444464,0.20787083753784055,0.12982900569980999,0.4456327985739751,0.15758091993185686,0.09090909090909091,0.8695652173913043,0.8612121154161299,0.04099833467811221,0.4956072002748521,0.00146925470977596,0.3856301882807575,0.08626925999995616,0.31956667769694685,0.08301208952534676,0.08436957779063042,0.07795214818626191,0.0,0.6851498238242384,0.6118920738568067,0.7772647951094002,0.8320502943378437,0.10704455559367765,0.20554101087203674
1502.0,0.8034211240836278,0.6860430805547358,0.0,0.741935483870968,0.666666666666667,0.0,0.09892336922102596,0.4317290552584671,0.4759795570698466,0.1272727272727273,0.8434782608695652,0.7172788664089571,0.0680678803599889,0.6223820410659231,0.0008647518676244807,0.41296367103726905,0.08577661130848999,0.23206607731155435,0.0836043954388131,0.08474840948525159,0.08099202469771032,0.0,0.5459785054726565,0.6127203376134495,0.5787274827737451,0.9874658735374857,0.08955572386086169,0.19213738277859574
1512.0,0.7412435514526201,0.6093242844496901,1.0,0.741935483870968,0.666666666666667,0.579212916246216,0.0,0.07308377896613194,1.0,0.09090909090909091,0.8695652173913043,0.7712432656073577,0.25201269070292737,0.6833856016245728,0.019934536246019093,0.46613605960684745,0.10318597436968405,0.24650550677834004,0.08537219001076385,0.07416136495083864,0.00908669925392333,0.0,0.7896953213289872,0.7176184578520522,0.8949268291012622,0.6132336961311845,0.05514419121956388,0.12763017687894146
1522.0,0.7252240021721426,0.5907347300088522,1.0,0.67741935483871,0.7777777777777777,0.6286579212916246,0.1076630778974034,0.4242424242424243,0.5528109028960817,0.18181818181818182,0.7826086956521738,0.7615099616102647,0.06278208655375153,0.712334947398597,0.01997808559534985,0.4252065600266402,0.06679593638467463,0.23352197664910707,0.08361954412541711,0.09774436090225563,0.1525083612040134,0.0,0.7729065613931885,0.6169871318418468,0.878508591255708,0.6533196511897745,0.05533547860313652,0.12031954273181313
1532.0,0.7252240021721426,0.5907347300088522,1.0,0.67741935483871,0.7777777777777777,0.6851664984863773,0.14502849905003165,0.536541889483066,0.5587734241908007,0.09090909090909091,0.8695652173913043,0.5007083527527557,0.0,0.0,0.0,0.4314607770843634,0.07912650849567004,0.2217960708484476,0.08361553247582919,0.08971949103528051,0.10424491896063803,0.0,0.7597310212030873,0.6183828911958269,0.8649096080976928,0.6835556467089209,0.05505617226076663,0.22797594946212152
1542.0,0.7366277491175672,0.5880790793744467,1.0,0.612903225806452,0.7777777777777777,0.7164480322906155,0.17162761241291954,0.520499108734403,0.5374787052810902,0.09090909090909091,0.7826086956521738,0.4334200650530283,0.031243220522753506,0.0,0.0,0.4314607770843634,0.08829534535680923,0.2217960708484476,0.08361553247582919,0.08849045691150954,0.07831232312837665,0.29724002954895823,0.4262222944582657,0.4946406133959904,0.39495076224507353,0.9778024140774095,0.05800271019909313,0.17342091750698224
1552.0,0.761878903068151,0.604308055473591,1.0,0.612903225806452,0.7777777777777777,0.7467204843592331,0.2039265357821406,0.6345811051693405,0.5366269165247018,0.09090909090909091,0.8695652173913043,0.6709490741499343,0.0785900297967281,0.44609816914075956,0.007950249088049638,0.5840870570034585,0.08986567979898961,0.2217960708484476,0.08361553247582919,0.08914112203585887,0.10460509390275277,0.23445984498201466,0.7855851754739099,0.7622916547671562,0.8910037916566107,0.6232037050564748,0.06877335977871557,0.22076583156149995
1562.0,0.7917458593537876,0.630274417232222,1.0,0.548387096774194,0.7777777777777777,0.7366296670030272,0.2146928435718809,0.6934046345811052,0.5025553662691652,0.09090909090909091,0.7826086956521738,0.7157893406265651,0.1024642152231769,0.6193176482723156,0.0029441168148631645,0.46027327072010693,0.08757675710942334,0.29195846107967877,0.08315438095968851,0.08668305378831695,0.09343967069719579,0.13026007997278702,0.8494627139862968,0.6481479104643102,0.9444891886879196,0.45795658967431035,0.06209333294722033,0.2257506420021236
1572.0,0.8243279934835732,0.6588964296252581,1.0,0.548387096774194,0.7777777777777777,0.7376387487386478,0.22102596580113992,0.7094474153297683,0.5119250425894377,0.09090909090909091,0.8695652173913043,0.717402488988585,0.1122349678394644,0.9255181126408001,0.001033238979648492,0.43249731924983953,0.08620146700254615,0.34582228647798086,0.08343950752027843,0.08617698091382302,0.08479547208644199,0.13026007997278702,0.7320727784595341,0.5781256615369564,0.8344268748687346,0.7432941462471668,0.09130244088964497,0.24026988580958464
1582.0,0.863155036654901,0.6869282974328711,1.0,0.5161290322580645,0.8888888888888893,0.5549949545913219,0.23559214692843572,0.7058823529411765,0.3568994889267461,0.18181818181818182,0.8260869565217391,0.6876255946249807,0.12487547365870383,0.6737432804457706,0.001815860700902082,0.4123273809929131,0.08648130973603692,0.1198149073243721,0.08368762549567482,0.08711683053788317,0.08083354772317984,0.0,0.4665164944669025,0.52089012609449,0.45643256337737953,0.996240588195683,0.09520843766802334,0.244874719661229
1652.0,0.8544664675536249,0.6175863086456183,0.0,0.4516129032258065,0.8888888888888893,0.6357214934409687,0.14213335745951325,0.47669977081741793,0.5208079824774884,0.09090909090909091,0.8571428571428571,0.958276309755181,0.024644327520823177,0.5048707981182634,0.0015442171106339378,0.45630490753083053,0.08385239109543009,0.2120244075361967,0.08361195774996824,0.0839298993165803,0.07493843948693447,0.0,0.7268515484107254,0.637838995865173,0.8283919781914678,0.7539766375413524,0.10572724577921049,0.21054540838433147
1662.0,0.8091229975563399,0.5408675125405725,1.0,0.4193548387096775,0.7777777777777777,0.722502522704339,0.03926535782140596,0.07308377896613194,0.584327086882453,0.0,0.8260869565217391,0.8194206510072721,0.2247678966740383,0.5884131141814343,0.02352008574531353,0.3422378955467132,0.10476363898742834,0.2556348089039602,0.08563989072015109,0.0737110633727175,0.0,0.0,0.8019668860649192,0.6524889869485185,0.9062590149628627,0.5828858015910926,0.058125897328555505,0.13027124656010153
1672.0,0.8012489818083084,0.5269991147831218,1.0,0.4193548387096775,0.7777777777777777,0.7285570131180625,0.12666244458518047,0.4527629233511587,0.5161839863713799,0.09090909090909091,0.8695652173913043,0.8251925746773996,0.04017052693612851,0.7191484253508993,0.01948808157213043,0.43516957560584896,0.06724774422000293,0.27475028803730656,0.08324411503496212,0.09543088490456911,0.15827116027784927,0.0,0.8173215200991123,0.6294038808800702,0.9196153777554236,0.5437413023527907,0.04565117533847401,0.1211148973349104
1682.0,0.8012489818083084,0.5269991147831218,1.0,0.4193548387096775,0.7777777777777777,0.7426841574167508,0.14502849905003165,0.536541889483066,0.5229982964224872,0.09090909090909091,0.8695652173913043,0.5007083527527557,0.0,0.0,0.0,0.4314607770843634,0.08133146488194612,0.2217960708484476,0.08361553247582919,0.08755060728744939,0.09848211988680217,0.0,0.8244654352239656,0.626232142506212,0.9255100185611906,0.5251073270466073,0.0419365391449707,0.12307819763910287
1692.0,0.8191691555796907,0.5284744762466805,1.0,0.4193548387096775,0.7777777777777777,0.7709384460141271,0.1868271057631412,0.5454545454545455,0.534923339011925,0.09090909090909091,0.8695652173913043,0.5248108616208674,0.0481442289328168,0.0,0.0,0.4314607770843634,0.0899434398296571,0.2217960708484476,0.08361553247582919,0.09022556390977443,0.08335477231798302,0.5946788027692621,0.5191225285690035,0.5055208558445019,0.5375602388970703,0.9971426880279499,0.06122432893487222,0.22339556581264802
1702.0,0.8468639695900084,0.5349660666863382,1.0,0.4193548387096775,0.7777777777777777,0.7769929364278506,0.2096263457884737,0.5757575757575758,0.5161839863713799,0.09090909090909091,0.8695652173913043,0.5684233615329872,0.0758982329852066,0.5949043015674245,0.0031283606231143945,0.4594843588980823,0.08795509593264161,0.2217960708484476,0.08361553247582919,0.08805668016194332,0.08767687162335992,0.9374970027441759,0.6375753752790898,0.6692299376518298,0.71338453386903,0.9042486467459908,0.10770565677009503,0.14330082985576262
1712.0,0.8805321748574533,0.5444083800531131,1.0,0.4193548387096775,0.7777777777777777,0.7780020181634713,0.22355921469284357,0.5935828877005348,0.5119250425894377,0.09090909090909091,0.8695652173913043,0.5812127652271103,0.09314928656652448,0.7232231773105318,0.0018634413555321775,0.4396787169294337,0.08693090529265224,0.27377151309696673,0.08349901149591712,0.08704453441295547,0.08515564702855673,0.7657969655694008,0.6328601590672508,0.6216510501126549,0.7067794085075547,0.9103664774626048,0.06895315023248869,0.11925877306985812
1722.0,0.9161010046158025,0.549719681321924,1.0,0.4193548387096775,0.7777777777777777,0.7709384460141271,0.22799240025332485,0.5686274509803922,0.5051107325383305,0.09090909090909091,0.8695652173913043,0.5442349895636038,0.09618125227529509,0.6309265822056749,0.0012206104585727573,0.40770039362357396,0.08554433713274706,0.18441142014272222,0.08355631661284796,0.08596009253903991,0.07651144841780294,0.7657969655694008,0.13587742317803175,0.43149184485856795,0.05232301853770932,0.44721359549995765,0.05180333093987513,0.10769374109479793
1732.0,0.9489546565300027,0.5479492475656537,1.0,0.4193548387096775,0.7777777777777777,0.7739656912209889,0.22165927802406582,0.5258467023172906,0.5136286201022146,0.09090909090909091,0.8695652173913043,0.48491496626737396,0.08812035864992912,0.580715376452863,0.0019290699410639727,0.39334419286233313,0.08446262178694652,0.20145806827695942,0.08368079386858641,0.08473105841526894,0.07290969899665552,0.7153868419749732,0.8756777121434764,0.9092517369437563,0.9615492694528838,0.38461538461538447,0.04675074841032352,0.10118282399517994
1742.0,0.980179201737714,0.5414576571259958,1.0,0.4193548387096775,0.7777777777777777,0.7739656912209889,0.21785940468651044,0.4973262032085562,0.5110732538330494,0.09090909090909091,0.8695652173913043,0.44045600510430416,0.08516487183043549,0.6035070387479166,0.0012922262223161265,0.40289329441272687,0.08496047330765152,0.23102781263627215,0.08355686813569214,0.08502024291497975,0.07579109853357345,0.6335187985230923,0.8873492593860359,0.6279811324167185,0.968178854263571,0.35112344158839154,0.04338969661871886,0.0970736238933399
1752.0,1.0000000000000002,0.5284744762466805,1.0,0.4193548387096775,0.7777777777777777,0.8213925327951563,0.19126029132362252,0.4581105169340464,0.5511073253833049,0.09090909090909091,0.8695652173913043,0.3278024111881097,0.061997677157386195,0.4917077234743046,0.0033663334478473425,0.359074254594681,0.08298953742074748,0.17651186132918104,0.08380659368626006,0.08241758241758242,0.07363004888088501,0.6010893028506563,0.6509685887884038,0.5321604440298062,0.7318945321238155,0.8858315352801553,0.04315199493471506,0.11725577106680625
1762.0,1.0000000000000002,0.5001475361463558,1.0,0.4193548387096775,0.7777777777777777,0.8990918264379414,0.14502849905003165,0.3654188948306596,0.5766609880749574,0.09090909090909091,0.8695652173913043,0.0,0.06982787760160283,0.4066279956245001,0.007625756906688417,0.22082855679947505,0.08601223490281187,0.18733460556698628,0.0840078991730598,0.0801764025448236,0.06282480061744276,0.5575426527507668,0.6951783723962679,0.6405504060743652,0.7900124852112471,0.8144866618584528,0.04129178866385654,0.161000701083177
1772.0,0.9847950040727669,0.461788138093833,1.0,0.4193548387096775,0.7777777777777777,0.9374369323915237,0.10956301456618112,0.304812834224599,0.5434412265758092,0.09090909090909091,0.8695652173913043,0.8717616682503151,0.10295871662071013,0.3537590867931621,0.02993103842136945,0.9916186327794851,0.08847941565221444,0.2003815680966727,0.08567023535364442,0.08140543666859457,0.06930794957550811,0.8220767687661688,0.6714281344274449,0.6142979657335055,0.7593944440930656,0.8547875152217289,0.060515787195980185,0.24680862915733717
1782.0,0.9595438501221831,0.42342874004131004,1.0,0.3548387096774195,0.8888888888888893,0.9475277497477296,0.08613046231792272,0.304812834224599,0.5195911413969335,0.18181818181818182,0.7826086956521738,0.8034736338396248,0.11626381302148717,0.5929392492507287,0.002981097678099187,0.3875817212388575,0.08654611699709282,0.3186757750136584,0.08113297601198448,0.08277906304222094,0.08155389760740932,0.581760073935427,0.4946219355050005,0.5551736101119608,0.4997699735629032,1.0,0.10407716667740147,0.20874549895478237
1793.0,0.9247895737170786,0.3838890528179405,1.0,0.3548387096774195,0.8888888888888893,0.9535822401614531,0.07133398583683573,0.3193971803597473,0.5157193743224407,0.09090909090909091,0.8695652173913043,0.7583611199132902,0.12253638650326479,0.6433539779943757,0.0017698755869487595,0.40510856931689504,0.08580473747257257,0.24036010664043,0.08351410107616383,0.08391847387062698,0.0842328847801636,0.2944241471501116,0.38547452283756206,0.5851426688806052,0.3344267411432368,0.9438010890852692,0.08657349677434757,0.17964593851706662
1803.0,0.8837903882704319,0.34316907642372374,1.0,0.3870967741935485,0.8888888888888893,0.9505549949545913,0.04939835338822039,0.2905525846702318,0.5085178875638842,0.09090909090909091,0.9130434782608695,0.7367334658052238,0.14879193614715813,0.7181129370972654,0.0029696336191735438,0.4175637444547851,0.0878089748037398,0.2520771182696441,0.08372605097701338,0.08294994479205006,0.07572561218046168,0.2944241471501116,0.636239953055717,0.7203412840626165,0.7115183909506118,0.9060008038239973,0.07469498791071036,0.24124580321219272
1813.0,0.8449633450991041,0.3177928592505165,1.0,0.3225806451612905,1.0,0.9374369323915237,0.054464851171627596,0.3832442067736186,0.49999999999999994,0.18181818181818182,0.7826086956521738,0.6733005313781865,0.1213755525655586,0.6034069838289792,0.0038573526996603965,0.39070140692254546,0.0825751796153222,0.17533453029074525,0.08369730678332525,0.0860323886639676,0.10028299459737589,0.3609288524497461,0.9541378480216864,0.7462740454838024,0.9942136923998138,0.1520571842539408,0.06327483443626895,0.2572770382319687
1823.0,0.8218843334238393,0.30215402773679545,1.0,0.3225806451612905,1.0,0.9202825428859738,0.09119696010132994,0.4420677361853833,0.4965928449744463,0.09090909090909091,0.8695652173913043,0.6784306254379426,0.07286092110771974,0.7830866267694032,0.005123181789354419,0.43475716254461766,0.08051779316429242,0.29457514447110744,0.08373213726612087,0.0896471949103528,0.09343967069719579,0.22183368110576787,0.6622362821650135,0.510713143739968,0.7471611214862193,0.8691638320240437,0.12831742884096034,0.3738182213733414
1833.0,0.8091229975563399,0.30776040129831805,1.0,0.3225806451612905,1.0,0.8092835519677094,0.11526282457251424,0.5704099821746881,0.41737649063032367,0.09090909090909091,0.8695652173913043,0.3782502043971489,0.036874332768482565,0.35728361885086496,0.005279400205149103,0.2385773009051972,0.08173945983165372,0.04932495528457456,0.08362992289848716,0.08820127241179873,0.1074864934396707,0.22183368110576787,0.8462461526756422,0.6945541181967996,0.9421930894005369,0.46675861955812287,0.1817839536633028,0.4108318847923935
1843.0,0.8050502307901166,0.33136618471525525,1.0,0.22580645161290347,0.8888888888888893,0.2038345105953582,0.1355288157061431,0.679144385026738,0.0,0.0,0.7391304347826086,0.05908166777917501,0.05920393187931779,0.3942263707771725,0.006687409662625852,0.22637632615168202,0.08742613744769455,0.2367596984373552,0.08374523454134064,0.0877674956622325,0.10352456907640854,0.22183368110576787,0.8470550593773991,0.6237849768516437,0.9427746289395367,0.46454936411163317,0.15492642139147683,0.35520799389801017
1923.0,0.8723866413250068,0.6606668633815284,0.0,0.19354838709677447,0.7777777777777777,0.6579212916246215,0.16466117796073462,0.7852049910873441,0.5589863713798977,0.07954545454545454,0.8641304347826086,0.9317136091721194,0.10394384312030151,0.5409184362779887,0.003801175210295555,0.5015504092201198,0.08579402543684816,0.22922325657482662,0.0835822984510123,0.08586972238288028,0.08423269873938771,0.17838392196963213,0.7903499141653005,0.6207344064525774,0.8955457694502545,0.611636695689371,0.1253815502985327,0.30766038611616675
1933.0,0.8707575346185175,0.6529949837710239,1.0,0.19354838709677447,0.7777777777777777,0.7547931382441977,0.14122862571247624,0.49019607843137264,0.5928449744463372,0.09090909090909091,0.8695652173913043,0.9291221147440246,0.01940875177648993,0.7257243164592624,0.008924378710001582,0.4297955903541405,0.07700527370940814,0.2966515221366771,0.08408746828025068,0.08277906304222094,0.0219449446874196,0.15557131221333997,0.9323313155131685,0.6783188396651704,0.9879789761238404,0.2181789995711221,0.1041606981218142,0.24124580321219272
1943.0,0.8596253054575074,0.6299793449395102,1.0,0.19354838709677447,0.7777777777777777,0.8102926337033299,0.11906269791006965,0.3975044563279858,0.5579216354344122,0.09090909090909091,0.8695652173913043,0.8471525932984694,0.06409561795344373,0.5231926953979664,0.005028254223945609,0.3787905656750297,0.0896062966065832,0.13976082456835542,0.08325663190833102,0.08292365529207635,0.06282480061744276,0.5137599525705041,0.8116385156481476,0.5768497901204614,0.9147802900354389,0.558376368589991,0.1700526477028061,0.2572770382319687
1953.0,0.8444203095302745,0.592800236057834,1.0,0.2580645161290325,0.7777777777777777,0.8143289606458123,0.10956301456618112,0.3119429590017826,0.514480408858603,0.09090909090909091,0.9565217391304348,0.8681031679242102,0.10029320541033054,0.6856065397678316,0.0038842227481792977,0.444922746548437,0.08877846829021618,0.28758164868740665,0.08351014735598566,0.08436957779063042,0.06426550038590173,0.22183368110576787,0.9054576891071887,0.6597141367089246,0.977258990110845,0.29827499313594685,0.15492642139147683,0.3738182213733414
1963.0,0.8265001357588921,0.5441133077604013,1.0,0.2580645161290325,0.7777777777777777,0.8113017154389506,0.10322989233692209,0.2424242424242425,0.5085178875638842,0.09090909090909091,0.8695652173913043,0.8801261740432945,0.12926190372461,0.7581307651633393,0.0031012338570670294,0.4391862616657087,0.088073546314456,0.2511719414429597,0.08354340563327817,0.08473105841526894,0.0675070748649344,0.17838392196963213,0.9222688434577684,0.6299665236194937,0.9843546347467791,0.24837535026770388,0.1253815502985327,0.4108318847923935
1973.0,0.807222373065436,0.4877544998524638,1.0,0.2580645161290325,0.7777777777777777,0.7891019172552977,0.10006333122229258,0.19607843137254904,0.4923339011925042,0.09090909090909091,0.8695652173913043,0.8879701169398004,0.14821656396416075,0.808678426600297,0.0020377500907404968,0.43650096913813946,0.0870970317538206,0.24227035448442635,0.08351756719555498,0.08509253903990746,0.07218934911242604,0.15557131221333997,0.9420390697728838,0.6311095906523024,0.9910294063462268,0.1888473936501244,0.10416069812181421,0.3552079938980101
1983.0,0.7898452348628837,0.43641192092062553,1.0,0.3225806451612905,0.7777777777777777,0.22906155398587286,0.10449651678277389,0.22638146167557943,0.03833049403747868,0.09090909090909091,0.9565217391304348,0.8890670184516821,0.13485281310396455,0.9765474353674591,0.0014116604700239485,0.43216560045660185,0.0839455159736732,0.2897912579942675,0.08355785877444102,0.08596009253903991,0.08767687162335994,0.5137599525705041,0.8770334598228797,0.5983613287732921,0.9623502749046555,0.38074980525429397,0.1700526477028061,0.3076603861161667
